,MOONEYID,REAL_NAME,PAPER,PAPER_NUMBER,MEAN_HOLISTIC,CI_LOWER_HOLISTIC,CI_UPPER_HOLISTIC,MEAN_UPRIGHT,CI_LOWER_UPRIGHT,CI_UPPER_UPRIGHT,MEAN_INVERTED,CI_LOWER_INVERTED,CI_UPPER_INVERTED
0,1.0,U0001.bmp,no,,0.15,-0.021455939773955407,0.3214559516948844,1.0,1.0,1.0,0.85,0.6785440920553543,1.0214559556283616
1,2.0,U0003.bmp,no,,0.05,-0.054651200722282356,0.15465120221239848,1.0,1.0,1.0,0.95,0.8453487866117306,1.0546511895464115
2,4.0,U0006.bmp,yes,2,0.3,0.07995726716182577,0.5200427566800321,0.85,0.6785440920553543,1.0214559556283616,0.55,0.3111171472205054,0.7888828766213525
3,5.0,U0009.bmp,yes,3,0.15,-0.0790277632623281,0.37902777518325703,0.95,0.8453487866117306,1.0546511895464115,0.8,0.6079309429266859,0.992069080915172
4,7.0,U0011.bmp,yes,5,0.15,-0.021455939773955407,0.3214559516948844,1.0,1.0,1.0,0.85,0.6785440920553543,1.0214559556283616
5,8.0,U0012.bmp,yes,6,0.3,0.07995726716182577,0.5200427566800321,0.95,0.8453487866117306,1.0546511895464115,0.65,0.42097222088326575,0.8790277314330184
6,9.0,U0014.bmp,yes,7,0.4,0.1200136364031501,0.6799863755177789,0.95,0.8453487866117306,1.0546511895464115,0.55,0.3111171472205054,0.7888828766213525
7,11.0,U0017.bmp,no,,0.05,-0.054651200722282356,0.15465120221239848,1.0,1.0,1.0,0.95,0.8453487866117306,1.0546511895464115
8,12.0,U0018.bmp,no,,0.05,-0.13441379627437255,0.23441379776448867,0.95,0.8453487866117306,1.0546511895464115,0.9,0.755948184873397,1.044051767442887
9,13.0,U0019.bmp,no,,0.15,-0.021455939773955407,0.3214559516948844,1.0,1.0,1.0,0.85,0.6785440920553543,1.0214559556283616
10,14.0,U0020.bmp,no,,0.35,0.07520863746251383,0.6247913506165572,0.95,0.8453487866117306,1.0546511895464115,0.6,0.3647644555460454,0.8352355921376704
11,15.0,U0023.bmp,no,,0.1,-0.044051789794628954,0.2440517927748612,1.0,1.0,1.0,0.9,0.755948184873397,1.044051767442887
12,16.0,U0024.bmp,yes,9,0.3,0.03265120764841467,0.5673488161934432,0.9,0.755948184873397,1.044051767442887,0.6,0.364764427650213,0.8352356200335028
13,17.0,U0025.bmp,no,,0.05,-0.054651200722282356,0.15465120221239848,1.0,1.0,1.0,0.95,0.8453487866117306,1.0546511895464115
14,19.0,U0027.bmp,no,,0.1,-0.044051789794628954,0.2440517927748612,1.0,1.0,1.0,0.9,0.755948184873397,1.044051767442887
15,21.0,U0030.bmp,yes,11,0.2,-0.044840965197001204,0.4448409711574657,0.95,0.8453487866117306,1.0546511895464115,0.75,0.5420791381671293,0.9579208618328707
16,22.0,U0031.bmp,no,,0.05,-0.054651200722282356,0.15465120221239848,1.0,1.0,1.0,0.95,0.8453487866117306,1.0546511895464115
17,24.0,U0034.bmp,yes,13,0.1,-0.10930240144456471,0.30930240442479695,0.95,0.8453487866117306,1.0546511895464115,0.85,0.6785440920553543,1.0214559556283616
18,25.0,U0036.bmp,no,,0.0,-0.15184392021352983,0.15184392021352983,0.95,0.8453487866117306,1.0546511895464115,0.95,0.8453487866117306,1.0546511895464115
19,26.0,U0037.bmp,no,,0.0,0.0,0.0,1.0,1.0,1.0,1.0,1.0,1.0
20,27.0,U0038.bmp,yes,14,0.2,-0.08810357958925791,0.4881035855497224,0.8,0.6079309429266859,0.992069080915172,0.6,0.364764427650213,0.8352356200335028
21,28.0,U0039.bmp,no,,0.25,-0.00746391604583263,0.5074639160458326,0.95,0.8453487866117306,1.0546511895464115,0.7,0.47995724331996786,0.9200427328381742
22,31.0,U0046.bmp,yes,17,0.15,-0.0790277632623281,0.37902777518325703,0.95,0.8453487866117306,1.0546511895464115,0.8,0.6079309429266859,0.992069080915172
23,33.0,U0048.bmp,no,,-0.05,-0.23441381171240488,0.13441381022228877,0.9,0.755948184873397,1.044051767442887,0.95,0.8453487866117306,1.0546511895464115
24,34.0,U0049.bmp,no,,0.15,-0.021455939773955407,0.3214559516948844,1.0,1.0,1.0,0.85,0.6785440920553543,1.0214559556283616
25,35.0,U0050.bmp,no,,0.05,-0.054651200722282356,0.15465120221239848,1.0,1.0,1.0,0.95,0.8453487866117306,1.0546511895464115
26,36.0,U0052.bmp,no,,0.05,-0.054651200722282356,0.15465120221239848,1.0,1.0,1.0,0.95,0.8453487866117306,1.0546511895464115
27,38.0,U0058.bmp,no,,0.05,-0.13441379627437255,0.23441379776448867,0.95,0.8453487866117306,1.0546511895464115,0.9,0.755948184873397,1.044051767442887
28,40.0,U0061.bmp,yes,20,0.4,0.16476440976881956,0.6352356021521094,1.0,1.0,1.0,0.6,0.364764427650213,0.8352356200335028
29,41.0,U0064.bmp,no,,0.1,-0.044051789794628954,0.2440517927748612,1.0,1.0,1.0,0.9,0.755948184873397,1.044051767442887
30,42.0,U0068.bmp,yes,21,0.1,-0.044051789794628954,0.2440517927748612,1.0,1.0,1.0,0.9,0.755948184873397,1.044051767442887
31,43.0,U0069.bmp,no,,0.25,0.04207913816712927,0.45792086183287073,1.0,1.0,1.0,0.75,0.5420791381671293,0.9579208618328707
32,44.0,U0071.bmp,no,,0.05,-0.13441379627437255,0.23441379776448867,0.95,0.8453487866117306,1.0546511895464115,0.9,0.755948184873397,1.044051767442887
33,47.0,U0074.bmp,yes,24,0.15,-0.021455939773955407,0.3214559516948844,1.0,1.0,1.0,0.85,0.6785440920553543,1.0214559556283616
34,48.0,U0075.bmp,no,,0.15,-0.021455939773955407,0.3214559516948844,1.0,1.0,1.0,0.85,0.6785440920553543,1.0214559556283616
35,49.0,U0076.bmp,no,,0.3,0.07995726716182577,0.5200427566800321,1.0,1.0,1.0,0.7,0.47995724331996786,0.9200427328381742
36,51.0,U0079.bmp,no,,0.25,0.04207913816712927,0.45792086183287073,1.0,1.0,1.0,0.75,0.5420791381671293,0.9579208618328707
37,52.0,U0080.bmp,no,,0.0,0.0,0.0,1.0,1.0,1.0,1.0,1.0,1.0
38,53.0,U0084.bmp,no,,0.0,0.0,0.0,1.0,1.0,1.0,1.0,1.0,1.0
39,54.0,U0086.bmp,yes,26,0.15,-0.0790277632623281,0.37902777518325703,0.95,0.8453487866117306,1.0546511895464115,0.8,0.6079309429266859,0.992069080915172
40,56.0,U0090.bmp,no,,0.2,0.007930933985989236,0.39206907197447527,1.0,1.0,1.0,0.8,0.6079309429266859,0.992069080915172
41,59.0,U0095.bmp,no,,0.0,0.0,0.0,1.0,1.0,1.0,1.0,1.0,1.0
42,60.0,U0096.bmp,yes,29,0.1,-0.044051789794628954,0.2440517927748612,1.0,1.0,1.0,0.9,0.755948184873397,1.044051767442887
43,61.0,U0097.bmp,no,,0.0,0.0,0.0,1.0,1.0,1.0,1.0,1.0,1.0
44,62.0,U0101.bmp,no,,0.05,-0.054651200722282356,0.15465120221239848,1.0,1.0,1.0,0.95,0.8453487866117306,1.0546511895464115
45,64.0,U0106.bmp,no,,0.35,0.12097223876465918,0.5790277493144118,1.0,1.0,1.0,0.65,0.42097222088326575,0.8790277314330184
46,65.0,U0107.bmp,yes,31,0.5,0.21592602621877177,0.7840739737812282,0.9,0.755948184873397,1.044051767442887,0.4,0.16476440976881956,0.6352356021521094
47,66.0,U0108.bmp,no,,0.1,-0.10930240144456471,0.30930240442479695,0.95,0.8453487866117306,1.0546511895464115,0.85,0.6785440920553543,1.0214559556283616
48,67.0,U0110.bmp,no,,0.2,0.007930933985989236,0.39206907197447527,1.0,1.0,1.0,0.8,0.6079309429266859,0.992069080915172
49,68.0,U0114.bmp,no,,0.05,-0.054651200722282356,0.15465120221239848,1.0,1.0,1.0,0.95,0.8453487866117306,1.0546511895464115
50,69.0,U0117.bmp,no,,0.1,-0.044051789794628954,0.2440517927748612,1.0,1.0,1.0,0.9,0.755948184873397,1.044051767442887
51,71.0,U0121.bmp,yes,33,0.1,-0.044051789794628954,0.2440517927748612,1.0,1.0,1.0,0.9,0.755948184873397,1.044051767442887
52,72.0,U0122.bmp,yes,34,0.15,-0.0790277632623281,0.37902777518325703,0.95,0.8453487866117306,1.0546511895464115,0.8,0.6079309429266859,0.992069080915172
53,73.0,U0123.bmp,yes,35,0.25,0.04207913816712927,0.45792086183287073,0.95,0.8453487866117306,1.0546511895464115,0.7,0.47995722937205165,0.9200427467860904
54,74.0,U0124.bmp,no,,0.15,-0.021455939773955407,0.3214559516948844,1.0,1.0,1.0,0.85,0.6785440920553543,1.0214559556283616
55,75.0,U0125.bmp,no,,0.0,0.0,0.0,1.0,1.0,1.0,1.0,1.0,1.0
56,76.0,U0126.bmp,no,,0.2,-0.08810357958925791,0.4881035855497224,0.9,0.755948184873397,1.044051767442887,0.7,0.47995724331996786,0.9200427328381742
57,77.0,U0128.bmp,no,,0.0,0.0,0.0,1.0,1.0,1.0,1.0,1.0,1.0
58,80.0,U0133.bmp,no,,0.0,0.0,0.0,1.0,1.0,1.0,1.0,1.0,1.0
59,81.0,U0134.bmp,yes,38,-0.05,-0.15465120221239848,0.054651200722282356,0.95,0.8453487866117306,1.0546511895464115,1.0,1.0,1.0
60,82.0,U0136.bmp,no,,0.05,-0.054651200722282356,0.15465120221239848,1.0,1.0,1.0,0.95,0.8453487866117306,1.0546511895464115
61,83.0,U0137.bmp,no,,0.65,0.42097222088326575,0.8790277314330184,0.95,0.8453487866117306,1.0546511895464115,0.3,0.07995725321390956,0.5200427706279483
62,86.0,U0140.bmp,no,,0.1,-0.044051789794628954,0.2440517927748612,1.0,1.0,1.0,0.9,0.755948184873397,1.044051767442887
63,87.0,U0141.bmp,no,,0.1,-0.044051789794628954,0.2440517927748612,1.0,1.0,1.0,0.9,0.755948184873397,1.044051767442887
64,88.0,U0142.bmp,no,,0.0,0.0,0.0,1.0,1.0,1.0,1.0,1.0,1.0
65,89.0,U0144.bmp,no,,0.2,0.007930933985989236,0.39206907197447527,1.0,1.0,1.0,0.8,0.6079309429266859,0.992069080915172
66,91.0,U0146.bmp,no,,0.15,-0.021455939773955407,0.3214559516948844,1.0,1.0,1.0,0.85,0.6785440920553543,1.0214559556283616
67,92.0,U0149.bmp,no,,-0.05,-0.28888286544548164,0.18888286395536552,0.85,0.6785440920553543,1.0214559556283616,0.9,0.755948184873397,1.044051767442887
68,93.0,U0152.bmp,no,,0.0,0.0,0.0,1.0,1.0,1.0,1.0,1.0,1.0
69,94.0,U0153.bmp,no,,0.05,-0.054651200722282356,0.15465120221239848,1.0,1.0,1.0,0.95,0.8453487866117306,1.0546511895464115
70,95.0,U0155.bmp,no,,0.3,0.07995726716182577,0.5200427566800321,1.0,1.0,1.0,0.7,0.47995724331996786,0.9200427328381742
71,96.0,U0156.bmp,no,,0.05,-0.054651200722282356,0.15465120221239848,1.0,1.0,1.0,0.95,0.8453487866117306,1.0546511895464115
72,97.0,U0157.bmp,no,,-0.05,-0.15465120221239848,0.054651200722282356,0.95,0.8453487866117306,1.0546511895464115,1.0,1.0,1.0
73,98.0,U0158.bmp,no,,0.0,0.0,0.0,1.0,1.0,1.0,1.0,1.0,1.0
74,99.0,U0159.bmp,no,,0.3,0.07995726716182577,0.5200427566800321,1.0,1.0,1.0,0.7,0.47995724331996786,0.9200427328381742
75,100.0,U0160.bmp,no,,0.1,-0.044051789794628954,0.2440517927748612,1.0,1.0,1.0,0.9,0.755948184873397,1.044051767442887
76,101.0,U0164.bmp,no,,0.45,0.16694239895295543,0.7330575772051866,0.95,0.8453487866117306,1.0546511895464115,0.5,0.2599136811920915,0.7400863188079085
77,103.0,U0166.bmp,no,,0.1,-0.044051789794628954,0.2440517927748612,1.0,1.0,1.0,0.9,0.755948184873397,1.044051767442887
78,105.0,U0171.bmp,no,,0.15,-0.0790277632623281,0.37902777518325703,0.95,0.8453487866117306,1.0546511895464115,0.8,0.6079309429266859,0.992069080915172
79,106.0,U0173.bmp,yes,43,0.1,-0.10930240144456471,0.30930240442479695,0.95,0.8453487866117306,1.0546511895464115,0.85,0.6785440920553543,1.0214559556283616
80,107.0,U0175.bmp,no,,0.2,0.007930933985989236,0.39206907197447527,1.0,1.0,1.0,0.8,0.6079309429266859,0.992069080915172
81,108.0,U0178.bmp,yes,44,0.5,0.2599136811920915,0.7400863188079085,1.0,1.0,1.0,0.5,0.2599136811920915,0.7400863188079085
82,110.0,U0181.bmp,no,,0.4,0.16476440976881956,0.6352356021521094,1.0,1.0,1.0,0.6,0.364764427650213,0.8352356200335028
83,118.0,U0193.bmp,yes,51,0.25,0.04207913816712927,0.45792086183287073,0.95,0.8453487866117306,1.0546511895464115,0.7,0.47995724331996786,0.9200427328381742
84,119.0,U0194.bmp,no,,0.2,0.007930933985989236,0.39206907197447527,1.0,1.0,1.0,0.8,0.6079309429266859,0.992069080915172
85,121.0,U0197.bmp,yes,53,-0.05,-0.15465120221239848,0.054651200722282356,0.95,0.8453487866117306,1.0546511895464115,1.0,1.0,1.0
86,122.0,U0198.bmp,no,,0.15,-0.0790277632623281,0.37902777518325703,0.95,0.8453487866117306,1.0546511895464115,0.8,0.6079309429266859,0.992069080915172
87,123.0,U0199.bmp,no,,0.1,-0.10930240144456471,0.30930240442479695,0.95,0.8453487866117306,1.0546511895464115,0.85,0.6785440920553543,1.0214559556283616
88,124.0,U0204.bmp,no,,0.25,-0.08526229629592985,0.5852622962959299,0.7,0.47995722937205165,0.9200427467860904,0.45,0.21111712337864746,0.6888828527794946
89,125.0,U0206.bmp,no,,0.2,0.007930933985989236,0.39206907197447527,1.0,1.0,1.0,0.8,0.6079309429266859,0.992069080915172
90,126.0,U0207.bmp,yes,54,0.15,-0.021455939773955407,0.3214559516948844,1.0,1.0,1.0,0.85,0.6785440920553543,1.0214559556283616
91,127.0,U0208.bmp,no,,-0.05,-0.2888828933413141,0.18888289185119797,0.85,0.6785440920553543,1.0214559556283616,0.9,0.755948184873397,1.044051767442887
92,129.0,U0210.bmp,no,,0.25,-0.00746391604583263,0.5074639160458326,0.95,0.8453487866117306,1.0546511895464115,0.7,0.47995724331996786,0.9200427328381742
93,130.0,U0211.bmp,no,,-0.2,-0.39206907197447527,-0.007930933985989236,0.8,0.6079309429266859,0.992069080915172,1.0,1.0,1.0
94,131.0,U0214.bmp,yes,55,0.25,-0.00746391604583263,0.5074639160458326,0.95,0.8453487866117306,1.0546511895464115,0.7,0.47995722937205165,0.9200427467860904
95,133.0,U0217.bmp,yes,56,0.2,0.007930933985989236,0.39206907197447527,1.0,1.0,1.0,0.8,0.6079309429266859,0.992069080915172
96,134.0,U0219.bmp,no,,0.1,-0.044051789794628954,0.2440517927748612,1.0,1.0,1.0,0.9,0.755948184873397,1.044051767442887
97,135.0,U0220.bmp,no,,0.0,0.0,0.0,1.0,1.0,1.0,1.0,1.0,1.0
98,136.0,U0222.bmp,no,,0.05,-0.13441379627437255,0.23441379776448867,0.95,0.8453487866117306,1.0546511895464115,0.9,0.755948184873397,1.044051767442887
99,137.0,U0223.bmp,no,,-0.05,-0.15465120221239848,0.054651200722282356,0.95,0.8453487866117306,1.0546511895464115,1.0,1.0,1.0
100,138.0,U0225.bmp,no,,0.0,-0.15184392021352983,0.15184392021352983,0.95,0.8453487866117306,1.0546511895464115,0.95,0.8453487866117306,1.0546511895464115
101,139.0,U0228.bmp,yes,57,0.3,0.07995726716182577,0.5200427566800321,1.0,1.0,1.0,0.7,0.47995724331996786,0.9200427328381742
102,140.0,U0229.bmp,no,,0.0,0.0,0.0,1.0,1.0,1.0,1.0,1.0,1.0
103,142.0,U0231.bmp,no,,0.25,0.04207913816712927,0.45792086183287073,1.0,1.0,1.0,0.75,0.5420791381671293,0.9579208618328707
104,144.0,U0234.bmp,no,,0.1,-0.044051789794628954,0.2440517927748612,1.0,1.0,1.0,0.9,0.755948184873397,1.044051767442887
105,146.0,U0239.bmp,no,,0.2,0.007930933985989236,0.39206907197447527,1.0,1.0,1.0,0.8,0.6079309429266859,0.992069080915172
106,147.0,U0240.bmp,no,,0.0,0.0,0.0,1.0,1.0,1.0,1.0,1.0,1.0
107,149.0,U0244.bmp,yes,60,0.2,0.007930933985989236,0.39206907197447527,1.0,1.0,1.0,0.8,0.6079309429266859,0.992069080915172
108,150.0,U0245.bmp,no,,0.2,0.007930933985989236,0.39206907197447527,1.0,1.0,1.0,0.8,0.6079309429266859,0.992069080915172
109,151.0,U0248.bmp,yes,61,0.05,-0.23305761627689003,0.33305761776700615,0.75,0.5420791381671293,0.9579208618328707,0.7,0.47995724331996786,0.9200427328381742
110,152.0,U0249.bmp,no,,0.0,0.0,0.0,1.0,1.0,1.0,1.0,1.0,1.0
111,153.0,U0252.bmp,no,,0.1,-0.044051789794628954,0.2440517927748612,1.0,1.0,1.0,0.9,0.755948184873397,1.044051767442887
112,154.0,U0254.bmp,yes,62,0.2,0.007930933985989236,0.39206907197447527,1.0,1.0,1.0,0.8,0.6079309429266859,0.992069080915172
113,155.0,U0255.bmp,no,,0.2,0.007930933985989236,0.39206907197447527,1.0,1.0,1.0,0.8,0.6079309429266859,0.992069080915172
114,156.0,U0258.bmp,yes,63,0.1,-0.044051789794628954,0.2440517927748612,1.0,1.0,1.0,0.9,0.755948184873397,1.044051767442887
115,158.0,U0262.bmp,no,,0.25,0.04207913816712927,0.45792086183287073,0.95,0.8453487866117306,1.0546511895464115,0.7,0.47995722937205165,0.9200427467860904
116,159.0,U0264.bmp,no,,0.0,0.0,0.0,1.0,1.0,1.0,1.0,1.0,1.0
117,161.0,U0269.bmp,no,,0.0,0.0,0.0,1.0,1.0,1.0,1.0,1.0,1.0
118,162.0,U0272.bmp,no,,0.0,0.0,0.0,1.0,1.0,1.0,1.0,1.0,1.0
119,163.0,U0273.bmp,no,,0.0,0.0,0.0,1.0,1.0,1.0,1.0,1.0,1.0
120,164.0,U0274.bmp,no,,-0.15,-0.37902777518325703,0.0790277632623281,0.8,0.6079309429266859,0.992069080915172,0.95,0.8453487866117306,1.0546511895464115
121,165.0,U0276.bmp,no,,0.0,0.0,0.0,1.0,1.0,1.0,1.0,1.0,1.0
122,166.0,U0277.bmp,no,,-0.05,-0.15465120221239848,0.054651200722282356,0.95,0.8453487866117306,1.0546511895464115,1.0,1.0,1.0
123,168.0,U0283.bmp,no,,0.0,0.0,0.0,1.0,1.0,1.0,1.0,1.0,1.0
124,169.0,U0284.bmp,no,,0.1,-0.044051789794628954,0.2440517927748612,0.95,0.8453487866117306,1.0546511895464115,0.85,0.6785440920553543,1.0214559556283616
125,170.0,U0286.bmp,no,,0.1,-0.044051789794628954,0.2440517927748612,1.0,1.0,1.0,0.9,0.755948184873397,1.044051767442887
126,171.0,U0288.bmp,no,,0.1,-0.044051789794628954,0.2440517927748612,1.0,1.0,1.0,0.9,0.755948184873397,1.044051767442887
127,172.0,U0291.bmp,no,,0.2,0.007930933985989236,0.39206907197447527,1.0,1.0,1.0,0.8,0.6079309429266859,0.992069080915172
128,173.0,U0292.bmp,no,,0.0,0.0,0.0,1.0,1.0,1.0,1.0,1.0,1.0
129,174.0,U0293.bmp,no,,0.05,-0.054651200722282356,0.15465120221239848,1.0,1.0,1.0,0.95,0.8453487866117306,1.0546511895464115
130,176.0,U0295.bmp,no,,0.05,-0.054651200722282356,0.15465120221239848,1.0,1.0,1.0,0.95,0.8453487866117306,1.0546511895464115
131,178.0,U0297.bmp,no,,0.05,-0.054651200722282356,0.15465120221239848,1.0,1.0,1.0,0.95,0.8453487866117306,1.0546511895464115
132,179.0,U0298.bmp,no,,0.1,-0.044051789794628954,0.2440517927748612,1.0,1.0,1.0,0.9,0.755948184873397,1.044051767442887
133,180.0,U0301.bmp,no,,0.15,-0.0790277632623281,0.37902777518325703,0.95,0.8453487866117306,1.0546511895464115,0.8,0.6079309429266859,0.992069080915172
134,181.0,U0302.bmp,no,,0.1,-0.044051789794628954,0.2440517927748612,0.95,0.8453487866117306,1.0546511895464115,0.85,0.6785440920553543,1.0214559556283616
135,182.0,U0304.bmp,no,,0.2,-0.044840965197001204,0.4448409711574657,0.95,0.8453487866117306,1.0546511895464115,0.75,0.5420791381671293,0.9579208618328707
136,183.0,U0305.bmp,no,,0.1,-0.044051789794628954,0.2440517927748612,1.0,1.0,1.0,0.9,0.755948184873397,1.044051767442887
137,184.0,U0307.bmp,no,,0.05,-0.054651200722282356,0.15465120221239848,1.0,1.0,1.0,0.95,0.8453487866117306,1.0546511895464115
138,185.0,U0309.bmp,yes,67,0.2,-0.044840965197001204,0.4448409711574657,0.95,0.8453487866117306,1.0546511895464115,0.75,0.5420791381671293,0.9579208618328707
139,186.0,U0312.bmp,yes,68,0.35,0.12097223876465918,0.5790277493144118,0.85,0.6785440920553543,1.0214559556283616,0.5,0.2599136811920915,0.7400863188079085
140,187.0,U0313.bmp,no,,0.0,0.0,0.0,1.0,1.0,1.0,1.0,1.0,1.0
141,188.0,U0314.bmp,no,,0.25,0.04207913816712927,0.45792086183287073,1.0,1.0,1.0,0.75,0.5420791381671293,0.9579208618328707
142,189.0,U0316.bmp,no,,0.2,0.007930933985989236,0.39206907197447527,0.95,0.8453487866117306,1.0546511895464115,0.75,0.5420791381671293,0.9579208618328707
143,190.0,U0317.bmp,no,,-0.1,-0.2440517927748612,0.044051789794628954,0.9,0.755948184873397,1.044051767442887,1.0,1.0,1.0
144,191.0,U0319.bmp,no,,0.0,0.0,0.0,1.0,1.0,1.0,1.0,1.0,1.0
145,192.0,U0320.bmp,no,,0.1,-0.044051789794628954,0.2440517927748612,1.0,1.0,1.0,0.9,0.755948184873397,1.044051767442887
146,193.0,U0321.bmp,no,,0.2,0.007930933985989236,0.39206907197447527,1.0,1.0,1.0,0.8,0.6079309429266859,0.992069080915172
147,195.0,U0326.bmp,no,,0.05,-0.054651200722282356,0.15465120221239848,1.0,1.0,1.0,0.95,0.8453487866117306,1.0546511895464115
148,196.0,U0328.bmp,no,,0.0,0.0,0.0,1.0,1.0,1.0,1.0,1.0,1.0
149,197.0,U0329.bmp,no,,0.2,0.007930933985989236,0.39206907197447527,1.0,1.0,1.0,0.8,0.6079309429266859,0.992069080915172
150,198.0,U0330.bmp,no,,0.1,-0.044051789794628954,0.2440517927748612,1.0,1.0,1.0,0.9,0.755948184873397,1.044051767442887
151,199.0,U0331.bmp,no,,0.0,0.0,0.0,1.0,1.0,1.0,1.0,1.0,1.0
152,201.0,U0334.bmp,no,,0.15,-0.0790277632623281,0.37902777518325703,0.95,0.8453487866117306,1.0546511895464115,0.8,0.6079309429266859,0.992069080915172
153,202.0,U0335.bmp,no,,0.6,0.364764427650213,0.8352356200335028,1.0,1.0,1.0,0.4,0.16476440976881956,0.6352356021521094
154,204.0,U0337.bmp,no,,0.2,-0.044840965197001204,0.4448409711574657,0.95,0.8453487866117306,1.0546511895464115,0.75,0.5420791381671293,0.9579208618328707
155,205.0,U0340.bmp,no,,0.1,-0.044051789794628954,0.2440517927748612,1.0,1.0,1.0,0.9,0.755948184873397,1.044051767442887
156,206.0,U0346.bmp,no,,0.3,-0.007460488781747043,0.607460512623605,0.85,0.6785440920553543,1.0214559556283616,0.55,0.3111171472205054,0.7888828766213525
157,207.0,U0348.bmp,no,,0.0,0.0,0.0,1.0,1.0,1.0,1.0,1.0,1.0
158,208.0,U0355.bmp,no,,-0.05,-0.23441379776448867,0.13441379627437255,0.85,0.678544078107438,1.0214559695762777,0.9,0.755948184873397,1.044051767442887
159,209.0,U0356.bmp,no,,0.15,-0.021455939773955407,0.3214559516948844,1.0,1.0,1.0,0.85,0.6785440920553543,1.0214559556283616
160,210.0,U0357.bmp,yes,69,0.2,0.007930933985989236,0.39206907197447527,1.0,1.0,1.0,0.8,0.6079309429266859,0.992069080915172
161,211.0,U0359.bmp,no,,0.35,0.12097223876465918,0.5790277493144118,0.9,0.755948184873397,1.044051767442887,0.55,0.3111171472205054,0.7888828766213525
162,212.0,U0361.bmp,no,,0.75,0.49253608395416737,1.0074639160458325,0.95,0.8453487866117306,1.0546511895464115,0.2,0.007930933985989236,0.39206907197447527
163,213.0,U0362.bmp,no,,0.3,0.07995726716182577,0.5200427566800321,1.0,1.0,1.0,0.7,0.47995724331996786,0.9200427328381742
164,214.0,U0363.bmp,no,,0.05,-0.054651200722282356,0.15465120221239848,1.0,1.0,1.0,0.95,0.8453487866117306,1.0546511895464115
165,215.0,U0366.bmp,no,,0.15,-0.021455939773955407,0.3214559516948844,1.0,1.0,1.0,0.85,0.6785440920553543,1.0214559556283616
166,216.0,U0367.bmp,no,,0.05,-0.054651200722282356,0.15465120221239848,1.0,1.0,1.0,0.95,0.8453487866117306,1.0546511895464115
167,217.0,U0368.bmp,yes,70,0.1,-0.044051789794628954,0.2440517927748612,1.0,1.0,1.0,0.9,0.755948184873397,1.044051767442887
168,218.0,U0369.bmp,yes,71,0.2,0.007930933985989236,0.39206907197447527,1.0,1.0,1.0,0.8,0.6079309429266859,0.992069080915172
169,219.0,U0370.bmp,no,,0.1,-0.044051789794628954,0.2440517927748612,1.0,1.0,1.0,0.9,0.755948184873397,1.044051767442887
170,220.0,U0373.bmp,no,,-0.05,-0.15465120221239848,0.054651200722282356,0.95,0.8453487866117306,1.0546511895464115,1.0,1.0,1.0
171,221.0,U0374.bmp,no,,0.0,0.0,0.0,1.0,1.0,1.0,1.0,1.0,1.0
172,222.0,U0375.bmp,no,,-0.1,-0.2440517927748612,0.044051789794628954,0.9,0.755948184873397,1.044051767442887,1.0,1.0,1.0
173,223.0,U0377.bmp,yes,72,0.0,-0.15184392021352983,0.15184392021352983,0.95,0.8453487866117306,1.0546511895464115,0.95,0.8453487866117306,1.0546511895464115
174,224.0,U0381.bmp,no,,0.05,-0.13441379627437255,0.23441379776448867,0.9,0.755948184873397,1.044051767442887,0.85,0.6785440920553543,1.0214559556283616
175,225.0,U0382.bmp,no,,0.1,-0.10930240144456471,0.30930240442479695,0.95,0.8453487866117306,1.0546511895464115,0.85,0.6785440920553543,1.0214559556283616
176,226.0,U0384.bmp,no,,0.1,-0.044051789794628954,0.2440517927748612,1.0,1.0,1.0,0.9,0.755948184873397,1.044051767442887
177,227.0,U0385.bmp,no,,0.1,-0.10930240144456471,0.30930240442479695,0.95,0.8453487866117306,1.0546511895464115,0.85,0.6785440920553543,1.0214559556283616
178,229.0,U0393.bmp,yes,74,0.15,-0.021455939773955407,0.3214559516948844,1.0,1.0,1.0,0.85,0.6785440920553543,1.0214559556283616
179,230.0,U0395.bmp,no,,0.0,-0.21473973306350194,0.21473973306350194,0.9,0.755948184873397,1.044051767442887,0.9,0.755948184873397,1.044051767442887
180,232.0,U0397.bmp,yes,76,0.2,0.007930933985989236,0.39206907197447527,1.0,1.0,1.0,0.8,0.6079309429266859,0.992069080915172
181,233.0,U0398.bmp,no,,0.15,-0.021455939773955407,0.3214559516948844,1.0,1.0,1.0,0.85,0.6785440920553543,1.0214559556283616
182,234.0,U0399.bmp,no,,0.1,-0.10930240144456471,0.30930240442479695,0.95,0.8453487866117306,1.0546511895464115,0.85,0.6785440920553543,1.0214559556283616
183,235.0,U0400.bmp,yes,77,0.15,-0.0790277632623281,0.37902777518325703,0.9,0.755948184873397,1.044051767442887,0.75,0.5420791381671293,0.9579208618328707
184,236.0,U0401.bmp,yes,78,0.15,-0.12479135061655722,0.4247913625374862,0.85,0.6785440920553543,1.0214559556283616,0.7,0.47995722937205165,0.9200427467860904
185,238.0,U0403.bmp,no,,0.25,0.04207913816712927,0.45792086183287073,0.95,0.8453487866117306,1.0546511895464115,0.7,0.47995722937205165,0.9200427467860904
186,240.0,U0408.bmp,no,,-0.05,-0.28888286544548164,0.18888286395536552,0.85,0.6785440920553543,1.0214559556283616,0.9,0.755948184873397,1.044051767442887
187,241.0,U0411.bmp,yes,80,0.1,-0.044051789794628954,0.2440517927748612,1.0,1.0,1.0,0.9,0.755948184873397,1.044051767442887
188,243.0,U0415.bmp,yes,82,0.1,-0.10930240144456471,0.30930240442479695,0.85,0.6785440920553543,1.0214559556283616,0.75,0.5420791381671293,0.9579208618328707
189,244.0,U0416.bmp,no,,-0.05,-0.15465120221239848,0.054651200722282356,0.95,0.8453487866117306,1.0546511895464115,1.0,1.0,1.0
190,245.0,U0417.bmp,no,,-0.05,-0.3330575898711737,0.23305758838105756,0.65,0.42097222088326575,0.8790277314330184,0.7,0.47995724331996786,0.9200427328381742
191,247.0,U0424.bmp,no,,0.1,-0.044051789794628954,0.2440517927748612,1.0,1.0,1.0,0.9,0.755948184873397,1.044051767442887
192,248.0,U0427.bmp,no,,-0.1,-0.3998677308305714,0.19986772785033918,0.7,0.47995722937205165,0.9200427467860904,0.8,0.6079309429266859,0.992069080915172
193,249.0,U0432.bmp,yes,84,0.0,0.0,0.0,0.95,0.8453487866117306,1.0546511895464115,0.95,0.8453487866117306,1.0546511895464115
194,250.0,U0434.bmp,no,,0.15,-0.021455939773955407,0.3214559516948844,0.95,0.8453487866117306,1.0546511895464115,0.8,0.6079309429266859,0.992069080915172
195,251.0,U0435.bmp,yes,85,0.05,-0.054651200722282356,0.15465120221239848,1.0,1.0,1.0,0.95,0.8453487866117306,1.0546511895464115
196,254.0,U0443.bmp,yes,88,0.0,0.0,0.0,1.0,1.0,1.0,1.0,1.0,1.0
197,255.0,U0445.bmp,no,,0.1,-0.044051789794628954,0.2440517927748612,1.0,1.0,1.0,0.9,0.755948184873397,1.044051767442887
198,257.0,U0451.bmp,yes,90,0.25,-0.00746391604583263,0.5074639160458326,0.95,0.8453487866117306,1.0546511895464115,0.7,0.47995724331996786,0.9200427328381742
199,258.0,U0452.bmp,no,,0.05,-0.054651200722282356,0.15465120221239848,1.0,1.0,1.0,0.95,0.8453487866117306,1.0546511895464115
200,260.0,U0459.bmp,yes,91,0.1,-0.10930240144456471,0.30930240442479695,0.95,0.8453487866117306,1.0546511895464115,0.85,0.6785440920553543,1.0214559556283616
201,261.0,U0461.bmp,yes,92,0.2,0.007930933985989236,0.39206907197447527,1.0,1.0,1.0,0.8,0.6079309429266859,0.992069080915172
202,265.0,U0480.bmp,no,,-0.05,-0.23441379776448867,0.13441379627437255,0.9,0.755948184873397,1.044051767442887,0.95,0.8453487866117306,1.0546511895464115
203,266.0,U0488.bmp,no,,0.0,-0.21473973306350194,0.21473973306350194,0.9,0.755948184873397,1.044051767442887,0.9,0.755948184873397,1.044051767442887
204,267.0,U0493.bmp,no,,0.2,0.007930933985989236,0.39206907197447527,1.0,1.0,1.0,0.8,0.6079309429266859,0.992069080915172
205,268.0,U0495.bmp,no,,0.15,-0.021455939773955407,0.3214559516948844,1.0,1.0,1.0,0.85,0.6785440920553543,1.0214559556283616
206,269.0,U0497.bmp,no,,0.15,-0.0790277632623281,0.37902777518325703,0.95,0.8453487866117306,1.0546511895464115,0.8,0.6079309429266859,0.992069080915172
207,270.0,U0499.bmp,no,,0.05,-0.13441379627437255,0.23441379776448867,0.95,0.8453487866117306,1.0546511895464115,0.9,0.755948184873397,1.044051767442887
208,271.0,U0501.bmp,no,,0.0,0.0,0.0,1.0,1.0,1.0,1.0,1.0,1.0
209,272.0,U0502.bmp,no,,0.05,-0.054651200722282356,0.15465120221239848,1.0,1.0,1.0,0.95,0.8453487866117306,1.0546511895464115
210,273.0,U0503.bmp,yes,96,0.05,-0.18888286395536552,0.28888286544548164,0.85,0.6785440920553543,1.0214559556283616,0.8,0.6079309429266859,0.992069080915172
211,274.0,U0504.bmp,no,,0.0,0.0,0.0,1.0,1.0,1.0,1.0,1.0,1.0
